s,residual,walras
0.15,0.00012582163778393247,-0.7479156990302727
0.3,0.0001842228628922719,-0.7195456427289173
0.44999999999999996,0.00025190569927511657,-0.7009267130633816
0.6,9.013934276970872e-05,0.05984072026330978
0.75,0.00011962297387783596,0.05840504833031446
0.9,7.950425746607294e-06,0.009479096275754273
